Student ID,GitHub Account
d04943019,nianzelee
b06202054,
r07222035,
r09245017,
b05901010,
b05901015,
b05901025,
b05901165,
b06901054,
b06901062,
b06901073,
b06901081,
b06901170,
b05902045,
r08921101,
r08921129,
r09921049,
r08921060,
r08921080,
r09922064,
r08943149,
r09943089,
r09943090,
r09943091,
r09943095,
r09943097,
r09943098,
r09943099,
r09943100,
r09943101,
r09943102,
r09943104,
r09943108,
r09943109,
r09943111,
r09943142,
r09943146,
r09943147,
r09943150,
d08943011,ChienHaoTsou
d08943012,
r07943034,
r08943064,
r08943090,
r08943098,
r08943099,
r08943100,
r08943101,
r08943103,
r08943104,
r08943110,
r08943112,
r08943123,
r08943151,
r08943152,
r08943153,
r08943154,
